[{
  "_id": {
    "$oid": "5f26ff15a048421bb068cb10"
  },
  "author": "Rudyard Kipling",
  "title": "The Jungle Book",
  "genre": "Children's Book",
  "image": "Rudyard_Kipling.jpg",
  "__v": 0
},{
  "_id": {
    "$oid": "5f26ff48a048421bb068cb11"
  },
  "author": "O.V.Vijayan",
  "title": "Gurusagaram",
  "genre": "Novel",
  "image": "O. V. Vijayan.jpg",
  "__v": 0
},{
  "_id": {
    "$oid": "5f26ff8ba048421bb068cb12"
  },
  "author": "Cormac McCarthy",
  "title": "All the Pretty Horses",
  "genre": "Novel",
  "image": "McCarthy.jfif",
  "__v": 0
},{
  "_id": {
    "$oid": "5f27515b8124c521509be179"
  },
  "author": "Arthur Conan Doyle",
  "title": "Stories of Sherlock Holmes",
  "genre": "Detective fiction",
  "image": "ArthurConanDoyle.jpg"
},{
  "_id": {
    "$oid": "5f27515b8124c521509be17a"
  },
  "author": "Lalithambika Antharjanam",
  "title": "Agnisakshi",
  "genre": "Novel",
  "image": "Lalithambika.jpg"
},{
  "_id": {
    "$oid": "5f27515b8124c521509be17b"
  },
  "author": "Ruskin Bond",
  "title": "Delhi is not far",
  "genre": "Novel",
  "image": "ruskin bond.jpg"
}]