[{
  "_id": {
    "$oid": "5f26f92d09509a258c8c6035"
  },
  "title": "Dreams from My Father",
  "author": "Barack Obama",
  "genre": "Memoir",
  "image": "obama.jfif",
  "__v": 0
},{
  "_id": {
    "$oid": "5f27426973d0110e149078f5"
  },
  "title": "When Breath Become Air",
  "author": "Paul Kalanithi",
  "genre": "Non-fiction autobiography",
  "image": "paul.k.jpg",
  "__v": 0
},{
  "_id": {
    "$oid": "5f27501b8124c521509be176"
  },
  "title": "The Lord of the Rings",
  "author": "J. R. R. Tolkien",
  "genre": "Fantasy & Adventure",
  "image": "TheLordoftheRings.jpg"
},{
  "_id": {
    "$oid": "5f27501b8124c521509be177"
  },
  "title": "The Alchemist",
  "author": "Paulo Coelho",
  "genre": "Novel",
  "image": "alchemist.jpg"
},{
  "_id": {
    "$oid": "5f27501b8124c521509be178"
  },
  "title": "Stay Hungry Stay Foolish",
  "author": "Rashmi Bansal",
  "genre": "Inspirational Non-fiction",
  "image": "stayhungrystayfoolish.jpg"
}]